repeat,fold,random_state,model,train_size,test_size,train_positives,test_positives,average_precision,roc_auc,brier_score,sensitivity,specificity,positive_predictive_value,f1_score,balanced_accuracy,true_negatives,false_positives,false_negatives,true_positives,threshold
1,1,42,dummy_prior,686,172,44,11,0.06395348837209303,0.5,0.05986347446197371,0.0,1.0,0.0,0.0,0.5,161,0,11,0,0.5
1,1,42,logistic_regression,686,172,44,11,0.12365413672990833,0.6544325239977414,0.08900006777150306,0.0,1.0,0.0,0.0,0.5,161,0,11,0,0.5
1,1,42,xgboost,686,172,44,11,0.23695610105496742,0.7238848108413326,0.0568363495799117,0.0,1.0,0.0,0.0,0.5,161,0,11,0,0.5
1,2,42,dummy_prior,686,172,44,11,0.06395348837209303,0.5,0.05986347446197371,0.0,1.0,0.0,0.0,0.5,161,0,11,0,0.5
1,2,42,logistic_regression,686,172,44,11,0.21684450795552132,0.676453980801807,0.08792958829851978,0.0,1.0,0.0,0.0,0.5,161,0,11,0,0.5
1,2,42,xgboost,686,172,44,11,0.1968292772850479,0.7018633540372671,0.05751481972654189,0.0,1.0,0.0,0.0,0.5,161,0,11,0,0.5
1,3,42,dummy_prior,686,172,44,11,0.06395348837209303,0.5,0.05986347446197371,0.0,1.0,0.0,0.0,0.5,161,0,11,0,0.5
1,3,42,logistic_regression,686,172,44,11,0.13133283294026024,0.5454545454545454,0.061720459790098825,0.0,0.9937888198757764,0.0,0.0,0.4968944099378882,160,1,11,0,0.5
1,3,42,xgboost,686,172,44,11,0.3342017177387836,0.6341050254093733,0.056135835813501664,0.0,1.0,0.0,0.0,0.5,161,0,11,0,0.5
1,4,42,dummy_prior,687,171,44,11,0.06432748538011696,0.5,0.06018953891299654,0.0,1.0,0.0,0.0,0.5,160,0,11,0,0.5
1,4,42,logistic_regression,687,171,44,11,0.0965994345464788,0.5386363636363637,0.09198680890042518,0.0,1.0,0.0,0.0,0.5,160,0,11,0,0.5
1,4,42,xgboost,687,171,44,11,0.07290408051729465,0.5178977272727272,0.06373802159985219,0.0,1.0,0.0,0.0,0.5,160,0,11,0,0.5
1,5,42,dummy_prior,687,171,44,11,0.06432748538011696,0.5,0.06018953891299656,0.0,1.0,0.0,0.0,0.5,160,0,11,0,0.5
1,5,42,logistic_regression,687,171,44,11,0.1621801203719134,0.6366477272727271,0.08708724835442747,0.0,0.99375,0.0,0.0,0.496875,159,1,11,0,0.5
1,5,42,xgboost,687,171,44,11,0.16780780264100256,0.6889204545454545,0.05822843297518804,0.0,1.0,0.0,0.0,0.5,160,0,11,0,0.5
2,1,43,dummy_prior,686,172,44,11,0.06395348837209303,0.5,0.05986347446197371,0.0,1.0,0.0,0.0,0.5,161,0,11,0,0.5
2,1,43,logistic_regression,686,172,44,11,0.1203599942462906,0.6070016939582157,0.05995240527103725,0.0,1.0,0.0,0.0,0.5,161,0,11,0,0.5
2,1,43,xgboost,686,172,44,11,0.12585137503210864,0.6888763410502541,0.05981478283019538,0.0,1.0,0.0,0.0,0.5,161,0,11,0,0.5
2,2,43,dummy_prior,686,172,44,11,0.06395348837209303,0.5,0.05986347446197371,0.0,1.0,0.0,0.0,0.5,161,0,11,0,0.5
2,2,43,logistic_regression,686,172,44,11,0.09786614041542133,0.5657820440429137,0.09030297456851087,0.0,1.0,0.0,0.0,0.5,161,0,11,0,0.5
2,2,43,xgboost,686,172,44,11,0.11844552940236551,0.6643139469226426,0.05947113250292786,0.0,1.0,0.0,0.0,0.5,161,0,11,0,0.5
2,3,43,dummy_prior,687,171,44,11,0.06432748538011696,0.5,0.06018953891299656,0.0,1.0,0.0,0.0,0.5,160,0,11,0,0.5
2,3,43,logistic_regression,687,171,44,11,0.09622103800026548,0.531534090909091,0.09164786061697354,0.0,1.0,0.0,0.0,0.5,160,0,11,0,0.5
2,3,43,xgboost,687,171,44,11,0.22315719011646493,0.5224431818181818,0.05822341874691111,0.0,1.0,0.0,0.0,0.5,160,0,11,0,0.5
2,4,43,dummy_prior,686,172,44,11,0.06395348837209303,0.5,0.05986347446197371,0.0,1.0,0.0,0.0,0.5,161,0,11,0,0.5
2,4,43,logistic_regression,686,172,44,11,0.1719493077638412,0.6533032185206098,0.09001450214095963,0.0,0.9937888198757764,0.0,0.0,0.4968944099378882,160,1,11,0,0.5
2,4,43,xgboost,686,172,44,11,0.21047997185454315,0.7120271033314511,0.05670230003983934,0.0,1.0,0.0,0.0,0.5,161,0,11,0,0.5
2,5,43,dummy_prior,687,171,44,11,0.06432748538011696,0.5,0.060189538912996554,0.0,1.0,0.0,0.0,0.5,160,0,11,0,0.5
2,5,43,logistic_regression,687,171,44,11,0.22632119745527116,0.7420454545454545,0.08514749683200673,0.0,1.0,0.0,0.0,0.5,160,0,11,0,0.5
2,5,43,xgboost,687,171,44,11,0.12208381223630407,0.6928977272727272,0.05986421318609635,0.0,1.0,0.0,0.0,0.5,160,0,11,0,0.5
3,1,44,dummy_prior,686,172,44,11,0.06395348837209303,0.5,0.05986347446197371,0.0,1.0,0.0,0.0,0.5,161,0,11,0,0.5
3,1,44,logistic_regression,686,172,44,11,0.23346366268838764,0.6600790513833992,0.08582981311059242,0.0,1.0,0.0,0.0,0.5,161,0,11,0,0.5
3,1,44,xgboost,686,172,44,11,0.19739802513035826,0.6883116883116883,0.057764147491573874,0.0,1.0,0.0,0.0,0.5,161,0,11,0,0.5
3,2,44,dummy_prior,686,172,44,11,0.06395348837209303,0.5,0.05986347446197371,0.0,1.0,0.0,0.0,0.5,161,0,11,0,0.5
3,2,44,logistic_regression,686,172,44,11,0.10735201173502298,0.5654997176736307,0.0626605798386135,0.0,1.0,0.0,0.0,0.5,161,0,11,0,0.5
3,2,44,xgboost,686,172,44,11,0.1139666037713217,0.5736871823828346,0.05970998899641807,0.0,1.0,0.0,0.0,0.5,161,0,11,0,0.5
3,3,44,dummy_prior,686,172,44,11,0.06395348837209303,0.5,0.05986347446197371,0.0,1.0,0.0,0.0,0.5,161,0,11,0,0.5
3,3,44,logistic_regression,686,172,44,11,0.15905558020188384,0.6623376623376623,0.08845056260832927,0.0,1.0,0.0,0.0,0.5,161,0,11,0,0.5
3,3,44,xgboost,686,172,44,11,0.07652435543505076,0.4494635798983625,0.06366136371476362,0.0,1.0,0.0,0.0,0.5,161,0,11,0,0.5
3,4,44,dummy_prior,687,171,44,11,0.06432748538011696,0.5,0.06018953891299654,0.0,1.0,0.0,0.0,0.5,160,0,11,0,0.5
3,4,44,logistic_regression,687,171,44,11,0.13179164034900043,0.5755681818181818,0.09027247441289471,0.0,1.0,0.0,0.0,0.5,160,0,11,0,0.5
3,4,44,xgboost,687,171,44,11,0.19738374362802957,0.6795454545454545,0.058137860257219225,0.0,1.0,0.0,0.0,0.5,160,0,11,0,0.5
3,5,44,dummy_prior,687,171,44,11,0.06432748538011696,0.5,0.06018953891299654,0.0,1.0,0.0,0.0,0.5,160,0,11,0,0.5
3,5,44,logistic_regression,687,171,44,11,0.12813915094480327,0.6960227272727273,0.08847767120184678,0.0,1.0,0.0,0.0,0.5,160,0,11,0,0.5
3,5,44,xgboost,687,171,44,11,0.14863522497224338,0.7454545454545455,0.061309848481162776,0.0,0.99375,0.0,0.0,0.496875,159,1,11,0,0.5
4,1,45,dummy_prior,686,172,44,11,0.06395348837209303,0.5,0.05986347446197371,0.0,1.0,0.0,0.0,0.5,161,0,11,0,0.5
4,1,45,logistic_regression,686,172,44,11,0.1379548412092486,0.6510446075663467,0.08986471251132162,0.0,0.9937888198757764,0.0,0.0,0.4968944099378882,160,1,11,0,0.5
4,1,45,xgboost,686,172,44,11,0.23699509181278708,0.7605872388481084,0.05678815196459506,0.0,1.0,0.0,0.0,0.5,161,0,11,0,0.5
4,2,45,dummy_prior,686,172,44,11,0.06395348837209303,0.5,0.05986347446197371,0.0,1.0,0.0,0.0,0.5,161,0,11,0,0.5
4,2,45,logistic_regression,686,172,44,11,0.14632156774217756,0.6826651609260306,0.08943439058299464,0.0,1.0,0.0,0.0,0.5,161,0,11,0,0.5
4,2,45,xgboost,686,172,44,11,0.13951533136181976,0.6702428006775834,0.05981324722049494,0.0,1.0,0.0,0.0,0.5,161,0,11,0,0.5
4,3,45,dummy_prior,686,172,44,11,0.06395348837209303,0.5,0.05986347446197371,0.0,1.0,0.0,0.0,0.5,161,0,11,0,0.5
4,3,45,logistic_regression,686,172,44,11,0.12980406700720598,0.47374364765669114,0.0902841010652383,0.0,1.0,0.0,0.0,0.5,161,0,11,0,0.5
4,3,45,xgboost,686,172,44,11,0.14961987325241477,0.606154714850367,0.0589431295181865,0.0,1.0,0.0,0.0,0.5,161,0,11,0,0.5
4,4,45,dummy_prior,687,171,44,11,0.06432748538011696,0.5,0.06018953891299654,0.0,1.0,0.0,0.0,0.5,160,0,11,0,0.5
4,4,45,logistic_regression,687,171,44,11,0.1502444792331126,0.6897727272727273,0.0870426253015738,0.0,1.0,0.0,0.0,0.5,160,0,11,0,0.5
4,4,45,xgboost,687,171,44,11,0.10008471527758127,0.6369318181818181,0.06680724920482756,0.0,0.99375,0.0,0.0,0.496875,159,1,11,0,0.5
4,5,45,dummy_prior,687,171,44,11,0.06432748538011696,0.5,0.06018953891299654,0.0,1.0,0.0,0.0,0.5,160,0,11,0,0.5
4,5,45,logistic_regression,687,171,44,11,0.08587465347389198,0.5633522727272727,0.09147347072319797,0.0,1.0,0.0,0.0,0.5,160,0,11,0,0.5
4,5,45,xgboost,687,171,44,11,0.06764409778244826,0.4889204545454545,0.06470119282192134,0.0,1.0,0.0,0.0,0.5,160,0,11,0,0.5
5,1,46,dummy_prior,686,172,44,11,0.06395348837209303,0.5,0.05986347446197371,0.0,1.0,0.0,0.0,0.5,161,0,11,0,0.5
5,1,46,logistic_regression,686,172,44,11,0.24391117617436311,0.7346132128740823,0.08584203710611953,0.0,1.0,0.0,0.0,0.5,161,0,11,0,0.5
5,1,46,xgboost,686,172,44,11,0.07061770352306818,0.5330321852060983,0.06739824109795133,0.0,1.0,0.0,0.0,0.5,161,0,11,0,0.5
5,2,46,dummy_prior,686,172,44,11,0.06395348837209303,0.5,0.05986347446197371,0.0,1.0,0.0,0.0,0.5,161,0,11,0,0.5
5,2,46,logistic_regression,686,172,44,11,0.14734885150940796,0.6956521739130435,0.08742471490489992,0.0,1.0,0.0,0.0,0.5,161,0,11,0,0.5
5,2,46,xgboost,686,172,44,11,0.11880930731402917,0.5047995482778092,0.05988043733089146,0.0,1.0,0.0,0.0,0.5,161,0,11,0,0.5
5,3,46,dummy_prior,686,172,44,11,0.06395348837209303,0.5,0.05986347446197371,0.0,1.0,0.0,0.0,0.5,161,0,11,0,0.5
5,3,46,logistic_regression,686,172,44,11,0.13139525531564442,0.5607001693958216,0.09056360118718017,0.0,1.0,0.0,0.0,0.5,161,0,11,0,0.5
5,3,46,xgboost,686,172,44,11,0.11977870612238639,0.647656691134952,0.065382716444803,0.0,0.9875776397515528,0.0,0.0,0.4937888198757764,159,2,11,0,0.5
5,4,46,dummy_prior,687,171,44,11,0.06432748538011696,0.5,0.060189538912996554,0.0,1.0,0.0,0.0,0.5,160,0,11,0,0.5
5,4,46,logistic_regression,687,171,44,11,0.13054388592700816,0.5775568181818181,0.08924355145862192,0.0,1.0,0.0,0.0,0.5,160,0,11,0,0.5
5,4,46,xgboost,687,171,44,11,0.10852842592029548,0.5985795454545454,0.07222091846989188,0.0,0.96875,0.0,0.0,0.484375,155,5,11,0,0.5
5,5,46,dummy_prior,687,171,44,11,0.06432748538011696,0.5,0.060189538912996554,0.0,1.0,0.0,0.0,0.5,160,0,11,0,0.5
5,5,46,logistic_regression,687,171,44,11,0.10775402727573781,0.5914772727272727,0.06097140356293025,0.0,1.0,0.0,0.0,0.5,160,0,11,0,0.5
5,5,46,xgboost,687,171,44,11,0.18701099254895853,0.7312500000000001,0.057880726027112375,0.0,1.0,0.0,0.0,0.5,160,0,11,0,0.5
