model,repeat,observations,positives,average_precision,roc_auc,brier_score,sensitivity,specificity,positive_predictive_value,f1_score,balanced_accuracy,true_negatives,false_positives,false_negatives,true_positives,threshold
dummy_prior,1,858,55,0.06401311866428146,0.4992528019925281,0.05999344420818561,0.0,1.0,0.0,0.0,0.5,803,0,55,0,0.5
dummy_prior,2,858,55,0.06401311866428146,0.4992528019925281,0.05999344420818561,0.0,1.0,0.0,0.0,0.5,803,0,55,0,0.5
dummy_prior,3,858,55,0.06401311866428146,0.4992528019925281,0.059993444208185615,0.0,1.0,0.0,0.0,0.5,803,0,55,0,0.5
dummy_prior,4,858,55,0.06401311866428146,0.4992528019925281,0.05999344420818561,0.0,1.0,0.0,0.0,0.5,803,0,55,0,0.5
dummy_prior,5,858,55,0.06401311866428146,0.4992528019925281,0.05999344420818561,0.0,1.0,0.0,0.0,0.5,803,0,55,0,0.5
logistic_regression,1,858,55,0.11011663845684533,0.589731687988226,0.0835308668048027,0.0,0.9975093399750934,0.0,0.0,0.4987546699875467,801,2,55,0,0.5
logistic_regression,2,858,55,0.10276515288892313,0.5810596626287784,0.08340142869979365,0.0,0.9987546699875467,0.0,0.0,0.49937733499377335,802,1,55,0,0.5
logistic_regression,3,858,55,0.11735525810517422,0.6099060341899694,0.08312368211656976,0.0,1.0,0.0,0.0,0.5,803,0,55,0,0.5
logistic_regression,4,858,55,0.1028084106775141,0.6080493603532209,0.0896207034215377,0.0,0.9987546699875467,0.0,0.0,0.49937733499377335,802,1,55,0,0.5
logistic_regression,5,858,55,0.11270530598347814,0.5866976112306124,0.0828270140545172,0.0,1.0,0.0,0.0,0.5,803,0,55,0,0.5
xgboost,1,858,55,0.13291657011489807,0.6540473225404733,0.05848488183329159,0.0,1.0,0.0,0.0,0.5,803,0,55,0,0.5
xgboost,2,858,55,0.12141849794284441,0.6587229706781388,0.05881463648565716,0.0,1.0,0.0,0.0,0.5,803,0,55,0,0.5
xgboost,3,858,55,0.11835393469955433,0.621510245669648,0.06011755737661688,0.0,0.9987546699875467,0.0,0.0,0.49937733499377335,802,1,55,0,0.5
xgboost,4,858,55,0.10047198650744157,0.6210800407562549,0.06140046914165224,0.0,0.9987546699875467,0.0,0.0,0.49937733499377335,802,1,55,0,0.5
xgboost,5,858,55,0.09513330174534257,0.5961168345975321,0.064551446535262,0.0,0.9912826899128269,0.0,0.0,0.49564134495641343,796,7,55,0,0.5
