repeat,fold,random_state,model,best_parameters,best_inner_average_precision,inner_candidate_count,processed_predictor_count,fitted_scale_pos_weight
1,1,42,dummy_prior,{},0.06414048687610499,1,23,
1,1,42,logistic_regression,"{""classifier__C"": 0.01}",0.12999027356252063,5,23,
1,1,42,xgboost,"{""classifier__learning_rate"": 0.1, ""classifier__max_depth"": 2, ""classifier__n_estimators"": 100}",0.1422610399393826,8,23,14.590909090909092
1,2,42,dummy_prior,{},0.06414048687610499,1,24,
1,2,42,logistic_regression,"{""classifier__C"": 0.01}",0.11323993193364401,5,24,
1,2,42,xgboost,"{""classifier__learning_rate"": 0.1, ""classifier__max_depth"": 3, ""classifier__n_estimators"": 100}",0.16451270607524127,8,24,14.590909090909092
1,3,42,dummy_prior,{},0.06414048687610499,1,23,
1,3,42,logistic_regression,"{""classifier__C"": 100.0}",0.134463382542264,5,23,
1,3,42,xgboost,"{""classifier__learning_rate"": 0.1, ""classifier__max_depth"": 2, ""classifier__n_estimators"": 100}",0.1983179216115967,8,23,14.590909090909092
1,4,42,dummy_prior,{},0.06404698762409901,1,23,
1,4,42,logistic_regression,"{""classifier__C"": 0.1}",0.16957877033080473,5,23,
1,4,42,xgboost,"{""classifier__learning_rate"": 0.1, ""classifier__max_depth"": 2, ""classifier__n_estimators"": 100}",0.20497675874072094,8,23,14.613636363636363
1,5,42,dummy_prior,{},0.06404698762409901,1,23,
1,5,42,logistic_regression,"{""classifier__C"": 0.01}",0.12470894357528792,5,23,
1,5,42,xgboost,"{""classifier__learning_rate"": 0.03, ""classifier__max_depth"": 3, ""classifier__n_estimators"": 300}",0.13471829733112595,8,23,14.613636363636363
2,1,43,dummy_prior,{},0.06414048687610499,1,23,
2,1,43,logistic_regression,"{""classifier__C"": 0.1}",0.13954518310765218,5,23,
2,1,43,xgboost,"{""classifier__learning_rate"": 0.1, ""classifier__max_depth"": 2, ""classifier__n_estimators"": 100}",0.15348764899024459,8,23,14.590909090909092
2,2,43,dummy_prior,{},0.06414048687610499,1,23,
2,2,43,logistic_regression,"{""classifier__C"": 0.01}",0.14351042445072518,5,23,
2,2,43,xgboost,"{""classifier__learning_rate"": 0.03, ""classifier__max_depth"": 2, ""classifier__n_estimators"": 100}",0.15353972933876706,8,23,14.590909090909092
2,3,43,dummy_prior,{},0.06404698762409901,1,24,
2,3,43,logistic_regression,"{""classifier__C"": 0.01}",0.13591092736886656,5,24,
2,3,43,xgboost,"{""classifier__learning_rate"": 0.03, ""classifier__max_depth"": 3, ""classifier__n_estimators"": 100}",0.13646072993309188,8,24,14.613636363636363
2,4,43,dummy_prior,{},0.06414048687610499,1,23,
2,4,43,logistic_regression,"{""classifier__C"": 0.01}",0.1277370759319585,5,23,
2,4,43,xgboost,"{""classifier__learning_rate"": 0.1, ""classifier__max_depth"": 2, ""classifier__n_estimators"": 100}",0.13944508199728017,8,23,14.590909090909092
2,5,43,dummy_prior,{},0.06404698762409901,1,23,
2,5,43,logistic_regression,"{""classifier__C"": 1.0}",0.10177184806422093,5,23,
2,5,43,xgboost,"{""classifier__learning_rate"": 0.03, ""classifier__max_depth"": 2, ""classifier__n_estimators"": 100}",0.15966894600531362,8,23,14.613636363636363
3,1,44,dummy_prior,{},0.06414048687610499,1,24,
3,1,44,logistic_regression,"{""classifier__C"": 0.01}",0.1204002818649422,5,24,
3,1,44,xgboost,"{""classifier__learning_rate"": 0.1, ""classifier__max_depth"": 2, ""classifier__n_estimators"": 300}",0.12092321012067583,8,24,14.590909090909092
3,2,44,dummy_prior,{},0.06414048687610499,1,24,
3,2,44,logistic_regression,"{""classifier__C"": 0.1}",0.1337968709469204,5,24,
3,2,44,xgboost,"{""classifier__learning_rate"": 0.1, ""classifier__max_depth"": 3, ""classifier__n_estimators"": 300}",0.14336886871365737,8,24,14.590909090909092
3,3,44,dummy_prior,{},0.06414048687610499,1,24,
3,3,44,logistic_regression,"{""classifier__C"": 0.01}",0.14479029921391268,5,24,
3,3,44,xgboost,"{""classifier__learning_rate"": 0.03, ""classifier__max_depth"": 2, ""classifier__n_estimators"": 100}",0.16030112857962497,8,24,14.590909090909092
3,4,44,dummy_prior,{},0.06404698762409901,1,23,
3,4,44,logistic_regression,"{""classifier__C"": 0.01}",0.15336018212797115,5,23,
3,4,44,xgboost,"{""classifier__learning_rate"": 0.03, ""classifier__max_depth"": 3, ""classifier__n_estimators"": 300}",0.1550992786307498,8,23,14.613636363636363
3,5,44,dummy_prior,{},0.06404698762409901,1,21,
3,5,44,logistic_regression,"{""classifier__C"": 0.01}",0.14585108631350377,5,21,
3,5,44,xgboost,"{""classifier__learning_rate"": 0.1, ""classifier__max_depth"": 3, ""classifier__n_estimators"": 300}",0.13230232086825608,8,21,14.613636363636363
4,1,45,dummy_prior,{},0.06414048687610499,1,23,
4,1,45,logistic_regression,"{""classifier__C"": 0.01}",0.18294670410089692,5,23,
4,1,45,xgboost,"{""classifier__learning_rate"": 0.03, ""classifier__max_depth"": 2, ""classifier__n_estimators"": 300}",0.16062612760408881,8,23,14.590909090909092
4,2,45,dummy_prior,{},0.06414048687610499,1,22,
4,2,45,logistic_regression,"{""classifier__C"": 0.01}",0.11576972213312216,5,22,
4,2,45,xgboost,"{""classifier__learning_rate"": 0.1, ""classifier__max_depth"": 3, ""classifier__n_estimators"": 300}",0.2468559741165036,8,22,14.590909090909092
4,3,45,dummy_prior,{},0.06414048687610499,1,24,
4,3,45,logistic_regression,"{""classifier__C"": 0.01}",0.15960235213027194,5,24,
4,3,45,xgboost,"{""classifier__learning_rate"": 0.1, ""classifier__max_depth"": 2, ""classifier__n_estimators"": 100}",0.12855290049913387,8,24,14.590909090909092
4,4,45,dummy_prior,{},0.06404698762409901,1,24,
4,4,45,logistic_regression,"{""classifier__C"": 0.1}",0.13283094090884953,5,24,
4,4,45,xgboost,"{""classifier__learning_rate"": 0.1, ""classifier__max_depth"": 2, ""classifier__n_estimators"": 300}",0.20004140121103228,8,24,14.613636363636363
4,5,45,dummy_prior,{},0.06404698762409901,1,23,
4,5,45,logistic_regression,"{""classifier__C"": 0.01}",0.1429582356413113,5,23,
4,5,45,xgboost,"{""classifier__learning_rate"": 0.1, ""classifier__max_depth"": 2, ""classifier__n_estimators"": 100}",0.1806173335550651,8,23,14.613636363636363
5,1,46,dummy_prior,{},0.06414048687610499,1,24,
5,1,46,logistic_regression,"{""classifier__C"": 100.0}",0.11977666367649242,5,24,
5,1,46,xgboost,"{""classifier__learning_rate"": 0.03, ""classifier__max_depth"": 3, ""classifier__n_estimators"": 300}",0.14935520178682254,8,24,14.590909090909092
5,2,46,dummy_prior,{},0.06414048687610499,1,24,
5,2,46,logistic_regression,"{""classifier__C"": 0.01}",0.16803580958322767,5,24,
5,2,46,xgboost,"{""classifier__learning_rate"": 0.1, ""classifier__max_depth"": 2, ""classifier__n_estimators"": 100}",0.16223910992479407,8,24,14.590909090909092
5,3,46,dummy_prior,{},0.06414048687610499,1,23,
5,3,46,logistic_regression,"{""classifier__C"": 0.01}",0.13321377227590592,5,23,
5,3,46,xgboost,"{""classifier__learning_rate"": 0.03, ""classifier__max_depth"": 2, ""classifier__n_estimators"": 100}",0.13322919564099545,8,23,14.590909090909092
5,4,46,dummy_prior,{},0.06404698762409901,1,22,
5,4,46,logistic_regression,"{""classifier__C"": 0.01}",0.12915494952617806,5,22,
5,4,46,xgboost,"{""classifier__learning_rate"": 0.1, ""classifier__max_depth"": 3, ""classifier__n_estimators"": 300}",0.1984599283440293,8,22,14.613636363636363
5,5,46,dummy_prior,{},0.06404698762409901,1,23,
5,5,46,logistic_regression,"{""classifier__C"": 0.01}",0.1436564513590601,5,23,
5,5,46,xgboost,"{""classifier__learning_rate"": 0.03, ""classifier__max_depth"": 3, ""classifier__n_estimators"": 100}",0.14192449133936175,8,23,14.613636363636363
