repeat,fold,random_state,train_size,test_size,train_groups,test_groups,train_positives,test_positives,test_negatives,test_prevalence
1,1,42,686,172,665,166,44,11,161,0.06395348837209303
1,2,42,686,172,664,167,44,11,161,0.06395348837209303
1,3,42,686,172,664,167,44,11,161,0.06395348837209303
1,4,42,687,171,665,166,44,11,160,0.06432748538011696
1,5,42,687,171,666,165,44,11,160,0.06432748538011696
2,1,43,686,172,665,166,44,11,161,0.06395348837209303
2,2,43,686,172,665,166,44,11,161,0.06395348837209303
2,3,43,687,171,666,165,44,11,160,0.06432748538011696
2,4,43,686,172,664,167,44,11,161,0.06395348837209303
2,5,43,687,171,664,167,44,11,160,0.06432748538011696
3,1,44,686,172,665,166,44,11,161,0.06395348837209303
3,2,44,686,172,665,166,44,11,161,0.06395348837209303
3,3,44,686,172,664,167,44,11,161,0.06395348837209303
3,4,44,687,171,665,166,44,11,160,0.06432748538011696
3,5,44,687,171,665,166,44,11,160,0.06432748538011696
4,1,45,686,172,665,166,44,11,161,0.06395348837209303
4,2,45,686,172,664,167,44,11,161,0.06395348837209303
4,3,45,686,172,664,167,44,11,161,0.06395348837209303
4,4,45,687,171,665,166,44,11,160,0.06432748538011696
4,5,45,687,171,666,165,44,11,160,0.06432748538011696
5,1,46,686,172,665,166,44,11,161,0.06395348837209303
5,2,46,686,172,664,167,44,11,161,0.06395348837209303
5,3,46,686,172,664,167,44,11,161,0.06395348837209303
5,4,46,687,171,666,165,44,11,160,0.06432748538011696
5,5,46,687,171,665,166,44,11,160,0.06432748538011696
