candidate_model,reference_model,metric,repeat_mean_difference,repeat_standard_deviation,repeat_minimum_difference,repeat_maximum_difference,repetitions,difference_definition,bootstrap_lower,bootstrap_upper,interval_excludes_zero,bootstrap_resamples,bootstrap_random_state,confidence_level,resampling_unit
logistic_regression_diagnostic_inclusive,logistic_regression_primary,average_precision,0.5559120215150379,0.018935966464493848,0.5231925306295886,0.5695261223847826,5,candidate_minus_reference,0.4329252858854642,0.674605251337516,True,2000,42,0.95,exact_predictor_group
logistic_regression_diagnostic_inclusive,logistic_regression_primary,roc_auc,0.3273293331823842,0.018864384592054945,0.30192460092833695,0.34926978376542506,5,candidate_minus_reference,0.2438262400698975,0.4120447699825202,True,2000,42,0.95,exact_predictor_group
logistic_regression_diagnostic_inclusive,logistic_regression_primary,brier_score,0.12814769906600876,0.007071841946293,0.12162776481909783,0.13712787675487442,5,reference_minus_candidate,0.1160861903837068,0.13970269024750476,True,2000,42,0.95,exact_predictor_group
logistic_regression_diagnostic_inclusive,logistic_regression_primary,sensitivity,0.39636363636363636,0.02696799449852967,0.36363636363636365,0.43636363636363634,5,candidate_minus_reference,0.26153061224489804,0.5214525586353943,True,2000,42,0.95,exact_predictor_group
logistic_regression_diagnostic_inclusive,logistic_regression_primary,specificity,0.26650062266500624,0.010712733831933528,0.24782067247820672,0.2752179327521793,5,candidate_minus_reference,0.2351267591722341,0.2988849865735385,True,2000,42,0.95,exact_predictor_group
logistic_regression_diagnostic_inclusive,logistic_regression_primary,positive_predictive_value,0.4141279872547294,0.013393448705537103,0.39403940394039405,0.42591807909604523,5,candidate_minus_reference,0.33027881066830284,0.4975944707683494,True,2000,42,0.95,exact_predictor_group
logistic_regression_diagnostic_inclusive,logistic_regression_primary,f1_score,0.49102374441629604,0.014627904987996862,0.47057109557109567,0.5071700991609459,5,candidate_minus_reference,0.4161910906278545,0.5612302857729953,True,2000,42,0.95,exact_predictor_group
logistic_regression_diagnostic_inclusive,logistic_regression_primary,balanced_accuracy,0.33143212951432127,0.014411056618922736,0.31631382316313816,0.3533001245330012,5,candidate_minus_reference,0.2643123613280772,0.3963293662479939,True,2000,42,0.95,exact_predictor_group
xgboost_diagnostic_inclusive,xgboost_primary,average_precision,0.5606065134188272,0.036354882545647844,0.5046735234201495,0.6041128236171118,5,candidate_minus_reference,0.4445761241952278,0.6755923500104762,True,2000,42,0.95,exact_predictor_group
xgboost_diagnostic_inclusive,xgboost_primary,roc_auc,0.3505264349598098,0.04079781944740423,0.3006226650062266,0.39851692516698756,5,candidate_minus_reference,0.2820490637632721,0.4167439877737254,True,2000,42,0.95,exact_predictor_group
xgboost_diagnostic_inclusive,xgboost_primary,brier_score,0.11166687092147579,0.012481599976159509,0.09989799001119695,0.12971392927588044,5,reference_minus_candidate,0.09871088595870421,0.12493153302242303,True,2000,42,0.95,exact_predictor_group
xgboost_diagnostic_inclusive,xgboost_primary,sensitivity,0.589090909090909,0.06111904114171497,0.509090909090909,0.6545454545454545,5,candidate_minus_reference,0.4474530046224961,0.7183868866695613,True,2000,42,0.95,exact_predictor_group
xgboost_diagnostic_inclusive,xgboost_primary,specificity,0.13574097135740967,0.03233064753610756,0.09464508094645074,0.16936488169364883,5,candidate_minus_reference,0.1123866591583113,0.15920398009950248,True,2000,42,0.95,exact_predictor_group
xgboost_diagnostic_inclusive,xgboost_primary,positive_predictive_value,0.5330487667312517,0.017217173450642727,0.5170239596469105,0.5616921269095183,5,candidate_minus_reference,0.4339482893854501,0.6353745821610259,True,2000,42,0.95,exact_predictor_group
xgboost_diagnostic_inclusive,xgboost_primary,f1_score,0.5855918434592449,0.02126519481243152,0.5654604107445144,0.6198337149054103,5,candidate_minus_reference,0.4912149273419065,0.6715705498468759,True,2000,42,0.95,exact_predictor_group
xgboost_diagnostic_inclusive,xgboost_primary,balanced_accuracy,0.36241594022415935,0.01814198369239292,0.33922789539227893,0.3895392278953922,5,candidate_minus_reference,0.2898649658693465,0.4289023762011334,True,2000,42,0.95,exact_predictor_group
