model,metric,repeat_mean,repeat_standard_deviation,repeat_minimum,repeat_maximum,repetitions,bootstrap_lower,bootstrap_upper,bootstrap_resamples,bootstrap_random_state,confidence_level,resampling_unit
dummy_prior,average_precision,0.06401311866428146,0.0,0.06401311866428146,0.06401311866428146,5,0.047535695402290114,0.08247071941446613,2000,42,0.95,exact_predictor_group
dummy_prior,roc_auc,0.4992528019925281,0.0,0.4992528019925281,0.4992528019925281,5,0.4708394833305187,0.5292692006695882,2000,42,0.95,exact_predictor_group
dummy_prior,brier_score,0.05999344420818561,3.469446951953614e-18,0.05999344420818561,0.059993444208185615,5,0.045767262243211836,0.0751533687964444,2000,42,0.95,exact_predictor_group
dummy_prior,sensitivity,0.0,0.0,0.0,0.0,5,0.0,0.0,2000,42,0.95,exact_predictor_group
dummy_prior,specificity,1.0,0.0,1.0,1.0,5,1.0,1.0,2000,42,0.95,exact_predictor_group
dummy_prior,positive_predictive_value,0.0,0.0,0.0,0.0,5,0.0,0.0,2000,42,0.95,exact_predictor_group
dummy_prior,f1_score,0.0,0.0,0.0,0.0,5,0.0,0.0,2000,42,0.95,exact_predictor_group
dummy_prior,balanced_accuracy,0.5,0.0,0.5,0.5,5,0.5,0.5,2000,42,0.95,exact_predictor_group
logistic_regression,average_precision,0.6660030096119176,0.02294129836336719,0.6262136003041605,0.6823884913124111,5,0.5417179328983864,0.8007215986951938,2000,42,0.95,exact_predictor_group
logistic_regression,roc_auc,0.9406498358428621,0.006076393796055495,0.9345182837088193,0.9507528585984376,5,0.8975455094089964,0.9777204428237538,2000,42,0.95,exact_predictor_group
logistic_regression,brier_score,0.1035285774204544,0.006232202300127404,0.09567285085939277,0.10834426881913312,5,0.09375084805520181,0.11368812203654177,2000,42,0.95,exact_predictor_group
logistic_regression,sensitivity,0.909090909090909,1.2412670766236366e-16,0.9090909090909091,0.9090909090909091,5,0.8292682926829269,0.9807692307692306,2000,42,0.95,exact_predictor_group
logistic_regression,specificity,0.9404732254047323,0.0023954401073065282,0.9364881693648817,0.9427148194271482,5,0.9238560363626727,0.9560019851116626,2000,42,0.95,exact_predictor_group
logistic_regression,positive_predictive_value,0.5114029509936056,0.009884172887168887,0.49504950495049505,0.5208333333333334,5,0.4148944900203622,0.6096921136949769,2000,42,0.95,exact_predictor_group
logistic_regression,f1_score,0.6545323083161642,0.008147226693561072,0.6410256410256411,0.6622516556291391,5,0.5642710568154385,0.7346534995877934,2000,42,0.95,exact_predictor_group
logistic_regression,balanced_accuracy,0.9247820672478205,0.0011977200536532643,0.9227895392278953,0.9259028642590286,5,0.8843667743490601,0.9617078140295349,2000,42,0.95,exact_predictor_group
xgboost,average_precision,0.6599050810030729,0.038409275370320836,0.6104852162854272,0.7153274877296022,5,0.5395914668829933,0.7840931152437968,2000,42,0.95,exact_predictor_group
xgboost,roc_auc,0.9436861768368618,0.004990088820837154,0.9389561870259254,0.9518170496999887,5,0.9015892018595645,0.9776219480559925,2000,42,0.95,exact_predictor_group
xgboost,brier_score,0.04049047708878615,0.001107345072521966,0.03896564119525941,0.04193439149718062,5,0.030175433915724425,0.051188779941017205,2000,42,0.95,exact_predictor_group
xgboost,sensitivity,0.8690909090909091,0.008131156281817419,0.8545454545454545,0.8727272727272727,5,0.7709677419354838,0.95,2000,42,0.95,exact_predictor_group
xgboost,specificity,0.965628891656289,0.0018886364742345158,0.962640099626401,0.9676214196762142,5,0.9527440640703517,0.9776705112295301,2000,42,0.95,exact_predictor_group
xgboost,positive_predictive_value,0.634149469307364,0.01228976987031214,0.6153846153846154,0.6486486486486487,5,0.5254474811167434,0.744689877285926,2000,42,0.95,exact_predictor_group
xgboost,f1_score,0.7331917388549827,0.008642708843832045,0.7218045112781954,0.7441860465116279,5,0.6408702668733628,0.8116655792132058,2000,42,0.95,exact_predictor_group
xgboost,balanced_accuracy,0.917359900373599,0.003965158920280259,0.9104607721046076,0.9201743462017434,5,0.8698236950333817,0.9585194905924211,2000,42,0.95,exact_predictor_group
