analysis,model,metric,published,recalculated,difference
primary,dummy_prior,average_precision,0.06401311866428146,0.06401311866428146,0.0
primary,dummy_prior,roc_auc,0.4992528019925281,0.4992528019925281,0.0
primary,dummy_prior,brier_score,0.05999344420818561,0.05999344420818561,0.0
primary,dummy_prior,sensitivity,0.0,0.0,0.0
primary,dummy_prior,specificity,1.0,1.0,0.0
primary,dummy_prior,positive_predictive_value,0.0,0.0,0.0
primary,dummy_prior,f1_score,0.0,0.0,0.0
primary,dummy_prior,balanced_accuracy,0.5,0.5,0.0
primary,logistic_regression,average_precision,0.11009098809687963,0.11009098809687964,1.3877787807814457e-17
primary,logistic_regression,roc_auc,0.6133205026604778,0.6133205026604778,0.0
primary,logistic_regression,brier_score,0.2316762764864632,0.23167623378874266,-4.2697720525897154e-08
primary,logistic_regression,sensitivity,0.5127272727272727,0.5127272727272727,0.0
primary,logistic_regression,specificity,0.673972602739726,0.673972602739726,0.0
primary,logistic_regression,positive_predictive_value,0.09727496373887623,0.09727496373887623,0.0
primary,logistic_regression,f1_score,0.16350856389986823,0.16350856389986823,0.0
primary,logistic_regression,balanced_accuracy,0.5933499377334994,0.5933499377334994,0.0
primary,xgboost,average_precision,0.0992985675842458,0.10182191591889192,0.002523348334646125
primary,xgboost,roc_auc,0.593159741877052,0.5874606588927884,-0.0056990829842635815
primary,xgboost,brier_score,0.15215734801026193,0.1465645641490519,-0.005592783861210038
primary,xgboost,sensitivity,0.28,0.2581818181818182,-0.021818181818181848
primary,xgboost,specificity,0.8298879202988791,0.8403486924034869,0.010460772104607718
primary,xgboost,positive_predictive_value,0.10110070257611241,0.09867849166221346,-0.0024222109138989506
primary,xgboost,f1_score,0.1475998953957378,0.1424545463338401,-0.005145349061897703
primary,xgboost,balanced_accuracy,0.5549439601494397,0.5492652552926527,-0.005678704856787009
duplicates,dummy_prior,average_precision,0.062100278700091514,0.062100278700091514,0.0
duplicates,dummy_prior,roc_auc,0.48789833632439256,0.48789833632439256,0.0
duplicates,dummy_prior,brier_score,0.059715564500524995,0.059715564500524995,0.0
duplicates,dummy_prior,sensitivity,0.0,0.0,0.0
duplicates,dummy_prior,specificity,1.0,1.0,0.0
duplicates,dummy_prior,positive_predictive_value,0.0,0.0,0.0
duplicates,dummy_prior,f1_score,0.0,0.0,0.0
duplicates,dummy_prior,balanced_accuracy,0.5,0.5,0.0
duplicates,logistic_regression,average_precision,0.11035840765597504,0.11035840765597504,0.0
duplicates,logistic_regression,roc_auc,0.6234272687587914,0.6234272687587914,0.0
duplicates,logistic_regression,brier_score,0.22800677425999724,0.22800672835666774,-4.590332949860887e-08
duplicates,logistic_regression,sensitivity,0.4981132075471698,0.4981132075471698,0.0
duplicates,logistic_regression,specificity,0.6825192802056556,0.6825192802056556,0.0
duplicates,logistic_regression,positive_predictive_value,0.09669675264848196,0.09669675264848196,0.0
duplicates,logistic_regression,f1_score,0.16189622159024059,0.16189622159024059,0.0
duplicates,logistic_regression,balanced_accuracy,0.5903162438764127,0.5903162438764127,0.0
duplicates,xgboost,average_precision,0.11704678975671992,0.10928950037184353,-0.007757289384876395
duplicates,xgboost,roc_auc,0.627443371974584,0.6223723141097153,-0.005071057864868722
duplicates,xgboost,brier_score,0.14934092530129,0.14686704749316853,-0.002473877808121472
duplicates,xgboost,sensitivity,0.29811320754716986,0.30943396226415093,0.011320754716981074
duplicates,xgboost,specificity,0.8303341902313625,0.8344473007712082,0.004113110539845755
duplicates,xgboost,positive_predictive_value,0.10698208082873795,0.11286047153113021,0.005878390702392267
duplicates,xgboost,f1_score,0.15713803109339144,0.16513868210833052,0.008000651014939075
duplicates,xgboost,balanced_accuracy,0.5642236988892662,0.5719406315176795,0.007716932628413331
unweighted,dummy_prior,average_precision,0.06401311866428146,0.06401311866428146,0.0
unweighted,dummy_prior,roc_auc,0.4992528019925281,0.4992528019925281,0.0
unweighted,dummy_prior,brier_score,0.05999344420818561,0.05999344420818561,0.0
unweighted,dummy_prior,sensitivity,0.0,0.0,0.0
unweighted,dummy_prior,specificity,1.0,1.0,0.0
unweighted,dummy_prior,positive_predictive_value,0.0,0.0,0.0
unweighted,dummy_prior,f1_score,0.0,0.0,0.0
unweighted,dummy_prior,balanced_accuracy,0.5,0.5,0.0
unweighted,logistic_regression,average_precision,0.109150153222387,0.10917916847309586,2.9015250708863682e-05
unweighted,logistic_regression,roc_auc,0.5950888712781613,0.595052643495981,-3.622778218037581e-05
unweighted,logistic_regression,brier_score,0.08450073901944422,0.0845898514144356,8.911239499138912e-05
unweighted,logistic_regression,sensitivity,0.0,0.0,0.0
unweighted,logistic_regression,specificity,0.9990037359900373,0.9990037359900373,0.0
unweighted,logistic_regression,positive_predictive_value,0.0,0.0,0.0
unweighted,logistic_regression,f1_score,0.0,0.0,0.0
unweighted,logistic_regression,balanced_accuracy,0.49950186799501867,0.49950186799501867,0.0
unweighted,xgboost,average_precision,0.1136588582020162,0.1091428339205069,-0.0045160242815092955
unweighted,xgboost,roc_auc,0.6302954828484093,0.6333159741877052,0.0030204913392959387
unweighted,xgboost,brier_score,0.06067379827449597,0.06040612742471609,-0.00026767084977987604
unweighted,xgboost,sensitivity,0.0,0.0,0.0
unweighted,xgboost,specificity,0.9977584059775839,0.9990037359900373,0.0012453300124534161
unweighted,xgboost,positive_predictive_value,0.0,0.0,0.0
unweighted,xgboost,f1_score,0.0,0.0,0.0
unweighted,xgboost,balanced_accuracy,0.49887920298879196,0.49950186799501867,0.0006226650062267081
diagnostic_inclusive,dummy_prior,average_precision,0.06401311866428146,0.06401311866428146,0.0
diagnostic_inclusive,dummy_prior,roc_auc,0.4992528019925281,0.4992528019925281,0.0
diagnostic_inclusive,dummy_prior,brier_score,0.05999344420818561,0.05999344420818561,0.0
diagnostic_inclusive,dummy_prior,sensitivity,0.0,0.0,0.0
diagnostic_inclusive,dummy_prior,specificity,1.0,1.0,0.0
diagnostic_inclusive,dummy_prior,positive_predictive_value,0.0,0.0,0.0
diagnostic_inclusive,dummy_prior,f1_score,0.0,0.0,0.0
diagnostic_inclusive,dummy_prior,balanced_accuracy,0.5,0.5,0.0
diagnostic_inclusive,logistic_regression,average_precision,0.6660030096119176,0.6660030096119176,0.0
diagnostic_inclusive,logistic_regression,roc_auc,0.9406498358428621,0.9406498358428621,0.0
diagnostic_inclusive,logistic_regression,brier_score,0.1035285774204544,0.1035285774204544,0.0
diagnostic_inclusive,logistic_regression,sensitivity,0.909090909090909,0.909090909090909,0.0
diagnostic_inclusive,logistic_regression,specificity,0.9404732254047323,0.9404732254047323,0.0
diagnostic_inclusive,logistic_regression,positive_predictive_value,0.5114029509936056,0.5114029509936056,0.0
diagnostic_inclusive,logistic_regression,f1_score,0.6545323083161642,0.6545323083161642,0.0
diagnostic_inclusive,logistic_regression,balanced_accuracy,0.9247820672478205,0.9247820672478205,0.0
diagnostic_inclusive,xgboost,average_precision,0.6599050810030729,0.6583598010996636,-0.0015452799034092468
diagnostic_inclusive,xgboost,roc_auc,0.9436861768368618,0.9423706554964337,-0.0013155213404281163
diagnostic_inclusive,xgboost,brier_score,0.04049047708878615,0.04018041230164573,-0.00031006478714042107
diagnostic_inclusive,xgboost,sensitivity,0.8690909090909091,0.8690909090909089,-2.220446049250313e-16
diagnostic_inclusive,xgboost,specificity,0.965628891656289,0.9636363636363636,-0.0019925280199253326
diagnostic_inclusive,xgboost,positive_predictive_value,0.634149469307364,0.6216552211365426,-0.012494248170821454
diagnostic_inclusive,xgboost,f1_score,0.7331917388549827,0.72457446910103,-0.008617269753952717
diagnostic_inclusive,xgboost,balanced_accuracy,0.917359900373599,0.9163636363636363,-0.0009962640099627773
no_missing_indicators,dummy_prior,average_precision,0.06401311866428146,0.06401311866428146,0.0
no_missing_indicators,dummy_prior,roc_auc,0.4992528019925281,0.4992528019925281,0.0
no_missing_indicators,dummy_prior,brier_score,0.05999344420818561,0.05999344420818561,0.0
no_missing_indicators,dummy_prior,sensitivity,0.0,0.0,0.0
no_missing_indicators,dummy_prior,specificity,1.0,1.0,0.0
no_missing_indicators,dummy_prior,positive_predictive_value,0.0,0.0,0.0
no_missing_indicators,dummy_prior,f1_score,0.0,0.0,0.0
no_missing_indicators,dummy_prior,balanced_accuracy,0.5,0.5,0.0
no_missing_indicators,logistic_regression,average_precision,0.10260044652684952,0.10260044652684952,0.0
no_missing_indicators,logistic_regression,roc_auc,0.5775183969206384,0.5775183969206384,0.0
no_missing_indicators,logistic_regression,brier_score,0.22916469022610383,0.22916468923338346,-9.927203781234795e-10
no_missing_indicators,logistic_regression,sensitivity,0.4290909090909091,0.4290909090909091,0.0
no_missing_indicators,logistic_regression,specificity,0.758904109589041,0.758904109589041,0.0
no_missing_indicators,logistic_regression,positive_predictive_value,0.10872808544720425,0.10872808544720425,0.0
no_missing_indicators,logistic_regression,f1_score,0.17343888206850927,0.17343888206850927,0.0
no_missing_indicators,logistic_regression,balanced_accuracy,0.5939975093399751,0.5939975093399751,0.0
no_missing_indicators,xgboost,average_precision,0.10142980853121622,0.10292924562303007,0.0014994370918138544
no_missing_indicators,xgboost,roc_auc,0.5734133363523152,0.5652100079248273,-0.008203328427487833
no_missing_indicators,xgboost,brier_score,0.1477952431295587,0.15209052489068314,0.004295281761124453
no_missing_indicators,xgboost,sensitivity,0.26909090909090905,0.27636363636363637,0.0072727272727273196
no_missing_indicators,xgboost,specificity,0.8483188044831881,0.851307596513076,0.002988792029887888
no_missing_indicators,xgboost,positive_predictive_value,0.10895483992670214,0.11131874068044281,0.002363900753740669
no_missing_indicators,xgboost,f1_score,0.154468608472448,0.1584903012723466,0.004021692799898585
no_missing_indicators,xgboost,balanced_accuracy,0.5587048567870485,0.5638356164383561,0.005130759651307604
